,0,1,2,3,4
0,A10574.jpg,1.0,Blue,Blue,White
1,A25193.jpg,1.0,Blue,Blue,White
2,A56131.jpg,0.0,Green,Blue,White
3,A80710.jpg,0.0,Green,Blue,White
4,A97532.jpg,1.0,Blue,Blue,White
5,B02255.jpg,0.0,Brown,Blue,White
6,B04495.jpg,0.0,Brown,Blue,White
7,B05048.jpg,1.0,Blue,Blue,White
8,B05063.jpg,0.0,Green,Blue,White
9,B06725.jpg,0.0,Brown,Blue,White
10,B08889.jpg,1.0,Blue,Blue,White
11,B09664.jpg,0.0,Brown,Blue,White
12,B10491.jpg,0.0,Green,Blue,White
13,B13159.jpg,1.0,Blue,Blue,White
14,B16368.jpg,1.0,Blue,Blue,White
15,B18378.jpg,0.0,Brown,Blue,White
16,B19099.jpg,1.0,Blue,Blue,White
17,B19663.jpg,0.0,Green,Blue,White
18,B23167.jpg,1.0,Blue,Blue,White
19,B23313.jpg,1.0,Blue,Blue,White
20,B23412.jpg,0.0,Green,Blue,White
21,B24078.jpg,0.0,Brown,Blue,White
22,B24169.jpg,0.0,Brown,Blue,White
23,B24252.jpg,0.0,Brown,Blue,White
24,B25060.jpg,0.0,Brown,Blue,White
25,B25116.jpg,0.0,Brown,Blue,White
26,B25167.jpg,0.0,Brown,Blue,White
27,B27102.jpg,0.0,Brown,Blue,White
28,B27879.jpg,0.0,Brown,Blue,White
29,B27940.jpg,1.0,Blue,Blue,White
30,B28046.jpg,0.0,Brown,Blue,White
31,B28181.jpg,0.0,Brown,Blue,White
32,B28245.jpg,0.0,Brown,Blue,White
33,B28332.jpg,0.0,Brown,Blue,White
34,B28626.jpg,0.0,Brown,Blue,White
35,B28870.jpg,0.0,Green,Blue,White
36,B28910.jpg,0.0,Brown,Blue,White
37,B29259.jpg,1.0,Blue,Blue,White
38,B29458.jpg,0.0,Green,Blue,White
39,B29489.jpg,0.0,Green,Blue,White
40,B29880.jpg,1.0,Blue,Blue,White
41,B29993.jpg,0.0,Brown,Blue,White
42,B30254.jpg,1.0,Blue,Blue,White
43,B30557.jpg,0.0,Green,Blue,White
44,B31612.jpg,0.0,Brown,Blue,White
45,B33371.jpg,0.0,Green,Blue,White
46,B34811.jpg,1.0,Blue,Blue,White
47,B34965.jpg,0.0,Brown,Blue,White
48,B35499.jpg,1.0,Blue,Blue,White
49,B37012.jpg,0.0,Green,Blue,White
50,B37400.jpg,0.0,Brown,Blue,White
51,B37763.jpg,1.0,Blue,Blue,White
52,B39328.jpg,0.0,Brown,Blue,White
53,B40189.jpg,0.0,Green,Blue,Black
54,B41409.jpg,0.0,Green,Blue,White
55,B41594.jpg,0.0,Green,Blue,Hispanic
56,B43246.jpg,0.0,Brown,Blue,White
57,B43803.jpg,0.0,Green,Blue,White
58,B45426.jpg,1.0,Blue,Blue,White
59,B46305.jpg,0.0,Brown,Blue,White
60,B46854.jpg,0.0,Brown,Blue,White
61,B51078.jpg,0.0,Green,Blue,White
62,B52820.jpg,0.0,Green,Blue,White
63,B53018.jpg,0.0,Brown,Blue,White
64,B54465.jpg,0.0,Brown,Blue,White
65,B56701.jpg,0.0,Brown,Blue,White
66,B59330.jpg,0.0,Brown,Blue,White
67,B60228.jpg,0.0,Green,Blue,White
68,B61242.jpg,0.0,Green,Blue,White
69,B61803.jpg,0.0,Brown,Blue,White
70,B63287.jpg,0.0,Green,Blue,White
71,B63797.jpg,0.0,Brown,Blue,White
72,B64211.jpg,0.0,Brown,Blue,White
73,B64416.jpg,0.0,Brown,Blue,White
74,B64439.jpg,0.0,Brown,Blue,White
75,B64884.jpg,1.0,Blue,Blue,White
76,B67020.jpg,1.0,Blue,Blue,White
77,B67042.jpg,0.0,Brown,Blue,White
78,B67427.jpg,1.0,Blue,Blue,White
79,B67633.jpg,0.0,Brown,Blue,White
80,B71535.jpg,0.0,Green,Blue,White
81,B72476.jpg,0.0,Green,Blue,White
82,B73434.jpg,0.0,Brown,Blue,White
83,B74465.jpg,1.0,Blue,Blue,Hispanic
84,B75899.jpg,1.0,Blue,Blue,White
85,B77152.jpg,0.0,Brown,Blue,White
86,B78428.jpg,0.0,Brown,Blue,White
87,B79131.jpg,0.0,Brown,Blue,White
88,B79427.jpg,0.0,Brown,Blue,White
89,B80134.jpg,0.0,Brown,Blue,White
90,B80633.jpg,1.0,Blue,Blue,White
91,B80806.jpg,0.0,Brown,Blue,White
92,B81072.jpg,1.0,Blue,Blue,White
93,B81538.jpg,0.0,Brown,Blue,White
94,B81851.jpg,0.0,Brown,Blue,White
95,B82247.jpg,0.0,Green,Blue,White
96,B82355.jpg,0.0,Brown,Blue,White
97,B82584.jpg,0.0,Brown,Blue,White
98,B82657.jpg,0.0,Green,Blue,White
99,B82696.jpg,0.0,Brown,Blue,White
100,B82723.jpg,0.0,Brown,Blue,White
101,B82781.jpg,0.0,Brown,Blue,White
102,B82870.jpg,1.0,Blue,Blue,White
103,B83159.jpg,0.0,Green,Blue,White
104,B83843.jpg,0.0,Green,Blue,White
105,B84119.jpg,1.0,Blue,Blue,White
106,B84687.jpg,1.0,Blue,Blue,White
107,B85943.jpg,0.0,Green,Blue,White
108,B86008.jpg,1.0,Blue,Blue,White
109,B86196.jpg,0.0,Brown,Blue,White
110,B86445.jpg,0.0,Brown,Blue,White
111,B86521.jpg,0.0,Brown,Blue,White
112,B87511.jpg,1.0,Blue,Blue,White
113,B87548.jpg,0.0,Brown,Blue,White
114,B87908.jpg,0.0,Green,Blue,White
115,B87934.jpg,0.0,Brown,Blue,White
116,B87947.jpg,0.0,Brown,Blue,White
117,B88041.jpg,0.0,Brown,Blue,White
118,B88122.jpg,0.0,Green,Blue,White
119,B88124.jpg,0.0,Brown,Blue,White
120,B88134.jpg,0.0,Brown,Blue,White
121,B88185.jpg,0.0,Green,Blue,White
122,B88232.jpg,0.0,Brown,Blue,White
123,B88253.jpg,0.0,Brown,Blue,White
124,B88469.jpg,1.0,Blue,Blue,White
125,B88483.jpg,0.0,Brown,Blue,White
126,B88807.jpg,0.0,Green,Blue,White
127,B89201.jpg,1.0,Blue,Blue,White
128,B89272.jpg,0.0,Green,Blue,White
129,B89388.jpg,1.0,Blue,Blue,White
130,B89703.jpg,1.0,Blue,Blue,White
131,B89789.jpg,0.0,Green,Blue,White
132,B89837.jpg,0.0,Brown,Blue,White
133,B90087.jpg,0.0,Green,Blue,White
134,B90130.jpg,1.0,Blue,Blue,White
135,B90141.jpg,0.0,Brown,Blue,White
136,B90168.jpg,1.0,Blue,Blue,White
137,B90178.jpg,1.0,Blue,Blue,White
138,B90181.jpg,0.0,Brown,Blue,White
139,B90183.jpg,0.0,Brown,Blue,White
140,B90195.jpg,0.0,Brown,Blue,White
141,C82424.jpg,0.0,Green,Blue,White
142,K00102.jpg,0.0,Green,Blue,White
143,K02172.jpg,0.0,Brown,Blue,White
144,K02301.jpg,0.0,Green,Blue,White
145,K02935.jpg,0.0,Green,Blue,White
146,K03044.jpg,0.0,Brown,Blue,White
147,K03147.jpg,0.0,Brown,Blue,White
148,K04563.jpg,0.0,Brown,Blue,White
149,K04570.jpg,0.0,Brown,Blue,White
150,K04822.jpg,0.0,Brown,Blue,White
151,K50386.jpg,1.0,Blue,Blue,White
152,K53199.jpg,0.0,Brown,Blue,White
153,K54054.jpg,1.0,Blue,Blue,White
154,K55407.jpg,0.0,Green,Blue,White
155,K57075.jpg,0.0,Brown,Blue,White
156,K57417.jpg,1.0,Blue,Blue,White
157,K58621.jpg,0.0,Brown,Blue,White
158,K58781.jpg,0.0,Green,Blue,White
159,K59514.jpg,0.0,Brown,Blue,White
160,K62033.jpg,0.0,Green,Blue,White
161,K66741.jpg,0.0,Brown,Blue,White
162,K68537.jpg,0.0,Brown,Blue,White
163,K68585.jpg,0.0,Green,Blue,White
164,K70485.jpg,0.0,Green,Blue,White
165,K70900.jpg,0.0,Green,Blue,White
166,K71064.jpg,0.0,Brown,Blue,White
167,K71922.jpg,0.0,Brown,Blue,White
168,K72536.jpg,1.0,Blue,Blue,White
169,K73664.jpg,0.0,Green,Blue,White
170,K73672.jpg,0.0,Brown,Blue,White
171,K73674.jpg,0.0,Brown,Blue,White
172,K74043.jpg,1.0,Blue,Blue,White
173,K74621.jpg,1.0,Blue,Blue,White
174,K74679.jpg,0.0,Brown,Blue,White
175,K74721.jpg,0.0,Green,Blue,White
176,K77359.jpg,0.0,Green,Blue,White
177,K77710.jpg,0.0,Green,Blue,White
178,K78041.jpg,1.0,Blue,Blue,White
179,K78233.jpg,1.0,Blue,Blue,White
180,K78655.jpg,0.0,Brown,Blue,White
181,K81483.jpg,0.0,Green,Blue,White
182,K82571.jpg,0.0,Brown,Blue,White
183,K82660.jpg,0.0,Brown,Blue,White
184,K83420.jpg,0.0,Brown,Blue,White
185,K84399.jpg,1.0,Blue,Blue,White
186,K84612.jpg,0.0,Green,Blue,White
187,K87691.jpg,0.0,Green,Blue,White
188,K88260.jpg,0.0,Green,Blue,White
189,K88950.jpg,0.0,Green,Blue,White
190,K89523.jpg,0.0,Brown,Blue,White
191,K90298.jpg,0.0,Brown,Blue,White
192,K90303.jpg,0.0,Brown,Blue,White
193,K90465.jpg,0.0,Brown,Blue,White
194,K90477.jpg,0.0,Brown,Blue,White
195,K90672.jpg,0.0,Brown,Blue,White
196,K90852.jpg,0.0,Green,Blue,White
197,K90982.jpg,0.0,Brown,Blue,White
198,K91155.jpg,1.0,Blue,Blue,White
199,K91268.jpg,0.0,Green,Blue,White
200,K91814.jpg,1.0,Blue,Blue,White
201,K92878.jpg,0.0,Green,Blue,White
202,K92993.jpg,0.0,Brown,Blue,White
203,K94367.jpg,0.0,Brown,Blue,White
204,K95123.jpg,0.0,Brown,Blue,White
205,K95131.jpg,1.0,Blue,Blue,White
206,K95232.jpg,1.0,Blue,Blue,White
207,K95509.jpg,1.0,Blue,Blue,White
208,K95685.jpg,1.0,Blue,Blue,White
209,K96088.jpg,0.0,Brown,Blue,White
210,K96248.jpg,1.0,Blue,Blue,White
211,K96400.jpg,1.0,Blue,Blue,White
212,K96410.jpg,0.0,Brown,Blue,White
213,K96628.jpg,0.0,Brown,Blue,White
214,K96670.jpg,0.0,Green,Blue,White
215,K96699.jpg,1.0,Blue,Blue,White
216,K96798.jpg,0.0,Brown,Blue,White
217,K97055.jpg,0.0,Brown,Blue,White
218,K97368.jpg,0.0,Brown,Blue,White
219,K97482.jpg,0.0,Green,Blue,White
220,K98104.jpg,0.0,Green,Blue,White
221,K98823.jpg,0.0,Brown,Blue,White
222,K98878.jpg,0.0,Brown,Blue,White
223,K98925.jpg,0.0,Brown,Blue,White
224,K98982.jpg,0.0,Brown,Blue,White
225,K99192.jpg,0.0,Brown,Blue,White
226,K99781.jpg,1.0,Blue,Blue,White
227,M00149.jpg,0.0,Brown,Blue,White
228,M00662.jpg,0.0,Brown,Blue,White
229,M00761.jpg,0.0,Brown,Blue,White
230,M00853.jpg,0.0,Brown,Blue,White
231,M00890.jpg,0.0,Green,Blue,White
232,M01335.jpg,1.0,Blue,Blue,White
233,M02799.jpg,0.0,Brown,Blue,White
234,M02897.jpg,1.0,Blue,Blue,White
235,M03037.jpg,0.0,Green,Blue,White
236,M03278.jpg,0.0,Brown,Blue,White
237,M03590.jpg,0.0,Brown,Blue,White
238,M03731.jpg,0.0,Green,Blue,White
239,M04566.jpg,0.0,Brown,Blue,White
240,M05180.jpg,0.0,Green,Blue,White
241,M06006.jpg,0.0,Brown,Blue,White
242,M06259.jpg,0.0,Brown,Blue,White
243,M06833.jpg,0.0,Green,Blue,White
244,M07595.jpg,0.0,Brown,Blue,White
245,M08463.jpg,0.0,Green,Blue,White
246,M09054.jpg,0.0,Brown,Blue,White
247,M09257.jpg,1.0,Blue,Blue,White
248,M09390.jpg,0.0,Brown,Blue,White
249,M09625.jpg,0.0,Green,Blue,White
250,M10159.jpg,1.0,Blue,Blue,White
251,M10228.jpg,1.0,Blue,Blue,White
252,M10994.jpg,1.0,Blue,Blue,White
253,M11118.jpg,0.0,Brown,Blue,White
254,M11485.jpg,0.0,Brown,Blue,White
255,M11719.jpg,0.0,Brown,Blue,White
256,M11720.jpg,0.0,Green,Blue,White
257,M12002.jpg,0.0,Brown,Blue,White
258,M12148.jpg,0.0,Green,Blue,White
259,M13283.jpg,0.0,Green,Blue,White
260,M13554.jpg,0.0,Green,Blue,White
261,M13636.jpg,0.0,Brown,Blue,White
262,M13781.jpg,0.0,Green,Blue,White
263,M13902.jpg,0.0,Green,Blue,White
264,M14504.jpg,1.0,Blue,Blue,White
265,M14549.jpg,0.0,Brown,Blue,White
266,M14979.jpg,0.0,Green,Blue,White
267,M15020.jpg,0.0,Brown,Blue,White
268,M15433.jpg,0.0,Green,Blue,White
269,M15624.jpg,0.0,Brown,Blue,White
270,M16064.jpg,1.0,Blue,Blue,White
271,M17186.jpg,0.0,Green,Blue,White
272,M17234.jpg,0.0,Green,Blue,White
273,M18238.jpg,0.0,Green,Blue,White
274,M18364.jpg,0.0,Brown,Blue,White
275,M18832.jpg,0.0,Brown,Blue,White
276,M18936.jpg,0.0,Brown,Blue,White
277,M19146.jpg,1.0,Blue,Blue,White
278,M19230.jpg,0.0,Green,Blue,White
279,M19509.jpg,0.0,Brown,Blue,White
280,M20851.jpg,0.0,Green,Blue,White
281,M21295.jpg,0.0,Green,Blue,White
282,M21554.jpg,0.0,Green,Blue,White
283,M21959.jpg,0.0,Brown,Blue,White
284,M21972.jpg,0.0,Brown,Blue,White
285,M22371.jpg,1.0,Blue,Blue,White
286,M22986.jpg,0.0,Brown,Blue,White
287,M23085.jpg,0.0,Brown,Blue,White
288,M24002.jpg,0.0,Green,Blue,White
289,M24413.jpg,0.0,Brown,Blue,White
290,M24576.jpg,0.0,Brown,Blue,White
291,M25147.jpg,0.0,Green,Blue,White
292,M25243.jpg,0.0,Green,Blue,White
293,M25889.jpg,0.0,Green,Blue,White
294,M26400.jpg,0.0,Brown,Blue,White
295,M26464.jpg,0.0,Green,Blue,White
296,M26601.jpg,0.0,Brown,Blue,White
297,M27022.jpg,1.0,Blue,Blue,White
298,M27085.jpg,1.0,Blue,Blue,White
299,M27989.jpg,1.0,Blue,Blue,White
300,M28007.jpg,0.0,Brown,Blue,White
301,M28402.jpg,0.0,Green,Blue,White
302,M28822.jpg,1.0,Blue,Blue,White
303,M28852.jpg,0.0,Green,Blue,White
304,M29320.jpg,0.0,Brown,Blue,White
305,M29532.jpg,0.0,Brown,Blue,White
306,M29541.jpg,0.0,Brown,Blue,White
307,M29876.jpg,0.0,Green,Blue,White
308,M30714.jpg,1.0,Blue,Blue,White
309,M31169.jpg,0.0,Brown,Blue,White
310,M31194.jpg,0.0,Brown,Blue,White
311,M31641.jpg,0.0,Green,Blue,Hispanic
312,M31814.jpg,0.0,Brown,Blue,White
313,M31870.jpg,0.0,Brown,Blue,White
314,M31960.jpg,1.0,Blue,Blue,White
315,M32499.jpg,0.0,Brown,Blue,White
316,M32607.jpg,1.0,Blue,Blue,White
317,M32850.jpg,0.0,Brown,Blue,White
318,M33068.jpg,0.0,Green,Blue,White
319,M33157.jpg,0.0,Brown,Blue,White
320,M33378.jpg,1.0,Blue,Blue,White
321,M34577.jpg,1.0,Blue,Blue,White
322,M34762.jpg,1.0,Blue,Blue,White
323,M35043.jpg,0.0,Green,Blue,White
324,M35197.jpg,0.0,Green,Blue,White
325,M35426.jpg,1.0,Blue,Blue,White
326,M35495.jpg,0.0,Brown,Blue,White
327,M35496.jpg,0.0,Green,Blue,White
328,M35976.jpg,0.0,Green,Blue,White
329,M36000.jpg,0.0,Brown,Blue,White
330,M36607.jpg,0.0,Brown,Blue,White
331,M36767.jpg,1.0,Blue,Blue,White
332,M38173.jpg,0.0,Green,Blue,White
333,M38510.jpg,0.0,Green,Blue,White
334,M38978.jpg,0.0,Green,Blue,White
335,M39132.jpg,0.0,Green,Blue,White
336,M39285.jpg,0.0,Brown,Blue,White
337,M39454.jpg,0.0,Brown,Blue,White
338,M39523.jpg,0.0,Brown,Blue,White
339,M40092.jpg,0.0,Brown,Blue,White
340,M40131.jpg,0.0,Green,Blue,White
341,M40133.jpg,0.0,Brown,Blue,White
342,M40873.jpg,0.0,Brown,Blue,White
343,M41249.jpg,1.0,Blue,Blue,White
344,M41277.jpg,0.0,Green,Blue,White
345,M41367.jpg,0.0,Green,Blue,White
346,M41659.jpg,0.0,Brown,Blue,White
347,M42151.jpg,0.0,Brown,Blue,White
348,M42745.jpg,0.0,Brown,Blue,White
349,M43113.jpg,0.0,Green,Blue,White
350,M43405.jpg,1.0,Blue,Blue,White
351,M43413.jpg,0.0,Brown,Blue,White
352,M43714.jpg,0.0,Green,Blue,White
353,M43891.jpg,0.0,Green,Blue,White
354,M44222.jpg,0.0,Green,Blue,White
355,M44332.jpg,1.0,Blue,Blue,White
356,M44497.jpg,0.0,Brown,Blue,White
357,M44537.jpg,0.0,Brown,Blue,White
358,M45063.jpg,0.0,Brown,Blue,White
359,M45315.jpg,0.0,Brown,Blue,White
360,M45458.jpg,0.0,Brown,Blue,White
361,M45638.jpg,1.0,Blue,Blue,White
362,M45945.jpg,0.0,Brown,Blue,White
363,M45946.jpg,0.0,Green,Blue,White
364,M46042.jpg,0.0,Brown,Blue,White
365,M46137.jpg,0.0,Brown,Blue,White
366,M46323.jpg,1.0,Blue,Blue,White
367,M46434.jpg,0.0,Brown,Blue,White
368,M46796.jpg,0.0,Brown,Blue,White
369,M46806.jpg,0.0,Brown,Blue,White
370,M47104.jpg,1.0,Blue,Blue,White
371,M47411.jpg,0.0,Green,Blue,White
372,M47822.jpg,0.0,Brown,Blue,White
373,M47933.jpg,0.0,Brown,Blue,White
374,M48042.jpg,0.0,Green,Blue,White
375,M48091.jpg,0.0,Brown,Blue,White
376,M48133.jpg,1.0,Blue,Blue,White
377,M48325.jpg,1.0,Blue,Blue,White
378,M48684.jpg,0.0,Green,Blue,White
379,M48753.jpg,0.0,Brown,Blue,White
380,M48873.jpg,0.0,Brown,Blue,Black
381,M49089.jpg,0.0,Brown,Blue,White
382,M49188.jpg,0.0,Brown,Blue,White
383,M49212.jpg,0.0,Brown,Blue,White
384,M49375.jpg,0.0,Green,Blue,White
385,M49840.jpg,0.0,Brown,Blue,White
386,M49942.jpg,0.0,Green,Blue,White
387,M49943.jpg,1.0,Blue,Blue,White
388,M50120.jpg,1.0,Blue,Blue,White
389,M50151.jpg,0.0,Green,Blue,White
390,M50255.jpg,0.0,Green,Blue,White
391,M50345.jpg,0.0,Brown,Blue,White
392,M50392.jpg,0.0,Brown,Blue,White
393,M50543.jpg,0.0,Brown,Blue,White
394,M50783.jpg,0.0,Brown,Blue,White
395,M51259.jpg,0.0,Brown,Blue,White
396,M51467.jpg,0.0,Brown,Blue,White
397,M51660.jpg,1.0,Blue,Blue,White
398,M51665.jpg,0.0,Brown,Blue,White
399,M51739.jpg,0.0,Brown,Blue,White
400,M51980.jpg,0.0,Brown,Blue,White
401,M52326.jpg,0.0,Brown,Blue,White
402,M52454.jpg,1.0,Blue,Blue,White
403,M52754.jpg,0.0,Brown,Blue,White
404,M52910.jpg,0.0,Brown,Blue,White
405,M53101.jpg,1.0,Blue,Blue,White
406,M53166.jpg,0.0,Brown,Blue,White
407,M53467.jpg,1.0,Blue,Blue,White
408,M53762.jpg,0.0,Green,Blue,White
409,M53921.jpg,0.0,Brown,Blue,White
410,M53936.jpg,0.0,Brown,Blue,White
411,M54046.jpg,0.0,Brown,Blue,White
412,M54052.jpg,0.0,Brown,Blue,White
413,M54053.jpg,0.0,Green,Blue,White
414,M54055.jpg,0.0,Green,Blue,White
415,M54080.jpg,0.0,Green,Blue,White
416,M54254.jpg,0.0,Green,Blue,White
417,M54344.jpg,0.0,Brown,Blue,White
418,M54391.jpg,0.0,Brown,Blue,White
419,M54490.jpg,1.0,Blue,Blue,White
420,M54518.jpg,0.0,Green,Blue,White
421,M54970.jpg,0.0,Brown,Blue,White
422,M55028.jpg,1.0,Blue,Blue,White
423,M55270.jpg,0.0,Brown,Blue,White
424,M55306.jpg,0.0,Brown,Blue,White
425,M55312.jpg,0.0,Green,Blue,White
426,M55405.jpg,0.0,Brown,Blue,White
427,M55567.jpg,0.0,Brown,Blue,White
428,M55570.jpg,0.0,Brown,Blue,White
429,M55613.jpg,1.0,Blue,Blue,White
430,N03174.jpg,0.0,Brown,Blue,White
431,N08151.jpg,0.0,Brown,Blue,White
432,N18140.jpg,1.0,Blue,Blue,White
433,N20356.jpg,0.0,Brown,Blue,White
434,N23676.jpg,0.0,Brown,Blue,White
435,N30814.jpg,1.0,Blue,Blue,White
436,N32343.jpg,0.0,Brown,Blue,White
437,N32801.jpg,0.0,Brown,Blue,White
438,N36022.jpg,1.0,Blue,Blue,White
439,N37820.jpg,0.0,Green,Blue,White
440,N40458.jpg,1.0,Blue,Blue,White
441,N40834.jpg,0.0,Green,Blue,White
442,N40853.jpg,0.0,Brown,Blue,White
443,N43140.jpg,1.0,Blue,Blue,White
444,N48011.jpg,0.0,Brown,Blue,White
445,N50666.jpg,0.0,Green,Blue,White
446,N60475.jpg,0.0,Brown,Blue,White
447,N63904.jpg,1.0,Blue,Blue,White
448,N64277.jpg,0.0,Green,Blue,White
449,N70013.jpg,0.0,Brown,Blue,White
450,N70571.jpg,0.0,Brown,Blue,White
451,N73083.jpg,0.0,Green,Blue,White
452,N73653.jpg,0.0,Green,Blue,White
453,N77532.jpg,0.0,Green,Blue,Amer Indian
454,N80386.jpg,1.0,Blue,Blue,White
455,N80686.jpg,0.0,Green,Blue,White
456,N81488.jpg,1.0,Blue,Blue,White
457,N83349.jpg,0.0,Green,Blue,White
458,N90752.jpg,0.0,Green,Blue,Hispanic
459,N91504.jpg,0.0,Green,Blue,White
460,N93448.jpg,1.0,Blue,Blue,White
461,N93852.jpg,0.0,Green,Blue,White
462,N95316.jpg,1.0,Blue,Blue,White
463,N98237.jpg,0.0,Brown,Blue,White
464,N98796.jpg,0.0,Brown,Blue,White
465,R00077.jpg,0.0,Brown,Blue,White
466,R01119.jpg,0.0,Brown,Blue,White
467,R01133.jpg,0.0,Brown,Blue,White
468,R01547.jpg,0.0,Brown,Blue,White
469,R01657.jpg,0.0,Brown,Blue,White
470,R02956.jpg,0.0,Green,Blue,White
471,R03268.jpg,0.0,Brown,Blue,White
472,R03543.jpg,0.0,Green,Blue,White
473,R04826.jpg,1.0,Blue,Blue,White
474,R05592.jpg,0.0,Green,Blue,White
475,R05899.jpg,0.0,Brown,Blue,White
476,R06070.jpg,0.0,Green,Blue,White
477,R06846.jpg,0.0,Brown,Blue,White
478,R06851.jpg,0.0,Brown,Blue,White
479,R06853.jpg,0.0,Brown,Blue,White
480,R06969.jpg,0.0,Brown,Blue,White
481,R08210.jpg,0.0,Brown,Blue,White
482,R09454.jpg,0.0,Brown,Blue,White
483,R09584.jpg,0.0,Green,Blue,White
484,R10298.jpg,0.0,Brown,Blue,White
485,R11068.jpg,0.0,Green,Blue,White
486,R11695.jpg,1.0,Blue,Blue,White
487,R12207.jpg,0.0,Brown,Blue,White
488,R13091.jpg,0.0,Green,Blue,White
489,R13864.jpg,0.0,Brown,Blue,White
490,R14029.jpg,0.0,Brown,Blue,White
491,R15147.jpg,0.0,Brown,Blue,White
492,R15150.jpg,0.0,Green,Blue,White
493,R15187.jpg,1.0,Blue,Blue,White
494,R16706.jpg,1.0,Blue,Blue,White
495,R17154.jpg,0.0,Brown,Blue,White
496,R17495.jpg,0.0,Green,Blue,White
497,R17905.jpg,0.0,Green,Blue,White
498,R19057.jpg,0.0,Green,Blue,White
499,R20588.jpg,0.0,Brown,Blue,White
500,R21118.jpg,0.0,Brown,Blue,White
501,R21234.jpg,0.0,Brown,Blue,White
502,R22500.jpg,0.0,Green,Blue,White
503,R23187.jpg,0.0,Brown,Blue,White
504,R23295.jpg,0.0,Green,Blue,White
505,R23345.jpg,1.0,Blue,Blue,White
506,R23451.jpg,0.0,Brown,Blue,White
507,R24358.jpg,1.0,Blue,Blue,White
508,R24466.jpg,1.0,Blue,Blue,White
509,R24673.jpg,0.0,Green,Blue,White
510,R24788.jpg,0.0,Brown,Blue,White
511,R24945.jpg,1.0,Blue,Blue,White
512,R24978.jpg,0.0,Brown,Blue,White
513,R24995.jpg,1.0,Blue,Blue,White
514,R25008.jpg,0.0,Green,Blue,White
515,R25154.jpg,0.0,Brown,Blue,White
516,R25624.jpg,0.0,Brown,Blue,White
517,R25694.jpg,1.0,Blue,Blue,White
518,R26259.jpg,1.0,Blue,Blue,White
519,R26758.jpg,0.0,Green,Blue,White
520,R27540.jpg,0.0,Brown,Blue,White
521,R27596.jpg,0.0,Brown,Blue,White
522,R28049.jpg,0.0,Green,Blue,White
523,R28413.jpg,0.0,Green,Blue,White
524,R28763.jpg,0.0,Brown,Blue,White
525,R32067.jpg,0.0,Green,Blue,White
526,R33079.jpg,0.0,Green,Blue,White
527,R33641.jpg,1.0,Blue,Blue,White
528,R34517.jpg,0.0,Brown,Blue,White
529,R34930.jpg,0.0,Brown,Blue,White
530,R35447.jpg,0.0,Green,Blue,White
531,R35742.jpg,0.0,Green,Blue,White
532,R37091.jpg,0.0,Brown,Blue,White
533,R38576.jpg,0.0,Green,Blue,White
534,R38995.jpg,0.0,Green,Blue,White
535,R40031.jpg,0.0,Brown,Blue,White
536,R40121.jpg,0.0,Brown,Blue,White
537,R41106.jpg,0.0,Green,Blue,White
538,R41472.jpg,0.0,Brown,Blue,White
539,R41936.jpg,0.0,Brown,Blue,White
540,R41937.jpg,0.0,Brown,Blue,White
541,R42142.jpg,0.0,Brown,Blue,White
542,R42326.jpg,0.0,Brown,Blue,White
543,R43289.jpg,0.0,Brown,Blue,White
544,R44325.jpg,1.0,Blue,Blue,White
545,R44336.jpg,0.0,Brown,Blue,White
546,R44682.jpg,0.0,Brown,Blue,White
547,R45015.jpg,0.0,Brown,Blue,White
548,R45160.jpg,0.0,Green,Blue,White
549,R46870.jpg,0.0,Brown,Blue,White
550,R47602.jpg,1.0,Blue,Blue,White
551,R47665.jpg,0.0,Green,Blue,White
552,R48046.jpg,0.0,Brown,Blue,White
553,R48479.jpg,1.0,Blue,Blue,White
554,R50343.jpg,0.0,Green,Blue,White
555,R50392.jpg,0.0,Brown,Blue,White
556,R50523.jpg,0.0,Brown,Blue,White
557,R50747.jpg,0.0,Brown,Blue,White
558,R50872.jpg,1.0,Blue,Blue,White
559,R51265.jpg,0.0,Green,Blue,White
560,R52031.jpg,0.0,Brown,Blue,White
561,R52232.jpg,1.0,Blue,Blue,Hispanic
562,R52453.jpg,0.0,Brown,Blue,White
563,R52557.jpg,1.0,Blue,Blue,White
564,R52596.jpg,0.0,Green,Blue,White
565,R52816.jpg,0.0,Brown,Blue,White
566,R55562.jpg,1.0,Blue,Blue,White
567,R55638.jpg,0.0,Green,Blue,White
568,R55922.jpg,1.0,Blue,Blue,White
569,R56718.jpg,1.0,Blue,Blue,White
570,R58087.jpg,1.0,Blue,Blue,White
571,R58194.jpg,0.0,Brown,Blue,White
572,R58383.jpg,0.0,Green,Blue,White
573,R58527.jpg,0.0,Brown,Blue,White
574,R58650.jpg,1.0,Blue,Blue,White
575,R59012.jpg,1.0,Blue,Blue,White
576,R59276.jpg,1.0,Blue,Blue,White
577,R59412.jpg,0.0,Brown,Blue,White
578,R59417.jpg,1.0,Blue,Blue,White
579,R59589.jpg,0.0,Brown,Blue,White
580,R60057.jpg,0.0,Brown,Blue,White
581,R60126.jpg,0.0,Green,Blue,White
582,R60186.jpg,0.0,Brown,Blue,White
583,R60484.jpg,0.0,Brown,Blue,White
584,R61407.jpg,0.0,Brown,Blue,White
585,R61648.jpg,0.0,Brown,Blue,Black
586,R61890.jpg,0.0,Brown,Blue,White
587,R61933.jpg,1.0,Blue,Blue,White
588,R61956.jpg,0.0,Brown,Blue,White
589,R62123.jpg,0.0,Green,Blue,White
590,R63038.jpg,0.0,Brown,Blue,White
591,R63102.jpg,0.0,Brown,Blue,White
592,R63670.jpg,1.0,Blue,Blue,White
593,R63897.jpg,1.0,Blue,Blue,White
594,R63993.jpg,1.0,Blue,Blue,White
595,R64055.jpg,0.0,Brown,Blue,White
596,R64069.jpg,0.0,Brown,Blue,White
597,R64297.jpg,0.0,Green,Blue,White
598,R64527.jpg,1.0,Blue,Blue,White
599,R64888.jpg,1.0,Blue,Blue,White
600,R65066.jpg,0.0,Brown,Blue,White
601,R65217.jpg,0.0,Green,Blue,White
602,R65311.jpg,1.0,Blue,Blue,White
603,R65406.jpg,0.0,Brown,Blue,White
604,R65954.jpg,0.0,Brown,Blue,White
605,R66152.jpg,0.0,Green,Blue,White
606,R66224.jpg,0.0,Brown,Blue,White
607,R66584.jpg,0.0,Green,Blue,White
608,R66865.jpg,0.0,Brown,Blue,White
609,R66972.jpg,0.0,Brown,Blue,White
610,R70268.jpg,0.0,Green,Blue,White
611,R70431.jpg,1.0,Blue,Blue,White
612,R70491.jpg,0.0,Brown,Blue,White
613,R71511.jpg,1.0,Blue,Blue,White
614,R72437.jpg,1.0,Blue,Blue,White
615,R72872.jpg,0.0,Brown,Blue,White
616,R73000.jpg,0.0,Brown,Blue,White
617,R73338.jpg,0.0,Green,Blue,White
618,R73990.jpg,0.0,Brown,Blue,White
619,R74224.jpg,1.0,Blue,Blue,White
620,R76547.jpg,0.0,Green,Blue,White
621,R78419.jpg,0.0,Green,Blue,White
622,R82749.jpg,0.0,Brown,Blue,White
623,R83243.jpg,0.0,Brown,Blue,White
624,R83696.jpg,0.0,Green,Blue,White
625,R83948.jpg,0.0,Green,Blue,White
626,R85283.jpg,0.0,Green,Blue,White
627,R86303.jpg,0.0,Brown,Blue,White
628,R86945.jpg,0.0,Brown,Blue,White
629,R87194.jpg,0.0,Green,Blue,White
630,R87802.jpg,0.0,Green,Blue,White
631,R88648.jpg,0.0,Green,Blue,White
632,R89192.jpg,0.0,Brown,Blue,White
633,R89849.jpg,0.0,Brown,Blue,White
634,R90001.jpg,0.0,Green,Blue,White
635,R90589.jpg,0.0,Brown,Blue,White
636,R90855.jpg,0.0,Green,Blue,White
637,R90881.jpg,0.0,Green,Blue,White
638,R91020.jpg,0.0,Brown,Blue,White
639,R91156.jpg,0.0,Green,Blue,White
640,R91591.jpg,0.0,Green,Blue,White
641,R91654.jpg,0.0,Green,Blue,White
642,R91948.jpg,0.0,Brown,Blue,White
643,R92170.jpg,0.0,Green,Blue,White
644,R92171.jpg,0.0,Green,Blue,White
645,R92339.jpg,0.0,Green,Blue,White
646,R92400.jpg,0.0,Brown,Blue,White
647,R92406.jpg,0.0,Green,Blue,White
648,S00198.jpg,0.0,Brown,Blue,White
649,S00417.jpg,0.0,Green,Blue,White
650,S00473.jpg,0.0,Brown,Blue,White
651,S00499.jpg,0.0,Brown,Blue,White
652,S00574.jpg,0.0,Brown,Blue,White
653,S01136.jpg,0.0,Green,Blue,White
654,S01196.jpg,0.0,Brown,Blue,White
655,S01440.jpg,0.0,Brown,Blue,White
656,S01532.jpg,0.0,Green,Blue,White
657,S01632.jpg,1.0,Blue,Blue,White
658,S01939.jpg,0.0,Brown,Blue,White
659,S02306.jpg,0.0,Brown,Blue,White
660,S02310.jpg,0.0,Brown,Blue,White
661,S02371.jpg,0.0,Brown,Blue,White
662,S02474.jpg,0.0,Green,Blue,White
663,S02598.jpg,0.0,Brown,Blue,White
664,S02835.jpg,1.0,Blue,Blue,White
665,S03041.jpg,0.0,Brown,Blue,White
666,S03057.jpg,0.0,Brown,Blue,White
667,S03245.jpg,0.0,Brown,Blue,White
668,S03533.jpg,0.0,Brown,Blue,White
669,S03620.jpg,1.0,Blue,Blue,White
670,S04013.jpg,0.0,Brown,Blue,White
671,S04129.jpg,0.0,Brown,Blue,White
672,S04263.jpg,1.0,Blue,Blue,White
673,S04671.jpg,0.0,Brown,Blue,White
674,S04990.jpg,0.0,Brown,Blue,White
675,S05087.jpg,0.0,Brown,Blue,White
676,S05155.jpg,0.0,Brown,Blue,White
677,S05787.jpg,0.0,Brown,Blue,White
678,S06071.jpg,0.0,Brown,Blue,White
679,S06300.jpg,0.0,Brown,Blue,White
680,S06605.jpg,0.0,Green,Blue,White
681,S06676.jpg,0.0,Brown,Blue,White
682,S06716.jpg,0.0,Brown,Blue,White
683,S06931.jpg,0.0,Brown,Blue,White
684,S07136.jpg,1.0,Blue,Blue,White
685,S07137.jpg,0.0,Green,Blue,White
686,S07436.jpg,0.0,Brown,Blue,White
687,S07450.jpg,0.0,Brown,Blue,White
688,S07554.jpg,0.0,Green,Blue,White
689,S07684.jpg,0.0,Brown,Blue,White
690,S07817.jpg,0.0,Brown,Blue,White
691,S08310.jpg,1.0,Blue,Blue,White
692,S08576.jpg,0.0,Green,Blue,White
693,S08665.jpg,0.0,Brown,Blue,White
694,S08920.jpg,1.0,Blue,Blue,White
695,S09231.jpg,1.0,Blue,Blue,White
696,S09293.jpg,0.0,Brown,Blue,White
697,S09455.jpg,1.0,Blue,Blue,White
698,S09494.jpg,0.0,Brown,Blue,White
699,S09537.jpg,1.0,Blue,Blue,White
700,S09783.jpg,0.0,Green,Blue,White
701,S09784.jpg,1.0,Blue,Blue,White
702,S09796.jpg,0.0,Brown,Blue,White
703,S09871.jpg,1.0,Blue,Blue,White
704,S09970.jpg,0.0,Brown,Blue,White
705,S09973.jpg,0.0,Brown,Blue,White
706,S10058.jpg,0.0,Brown,Blue,White
707,S10064.jpg,0.0,Brown,Blue,White
708,S10214.jpg,1.0,Blue,Blue,White
709,S10886.jpg,1.0,Blue,Blue,White
710,S10924.jpg,0.0,Brown,Blue,White
711,S10932.jpg,0.0,Green,Blue,White
712,S10956.jpg,0.0,Green,Blue,White
713,S10957.jpg,0.0,Brown,Blue,White
714,S11287.jpg,1.0,Blue,Blue,White
715,S11318.jpg,1.0,Blue,Blue,White
716,S11336.jpg,0.0,Brown,Blue,White
717,S11480.jpg,0.0,Brown,Blue,White
718,S11623.jpg,0.0,Brown,Blue,White
719,S11652.jpg,1.0,Blue,Blue,White
720,S11687.jpg,0.0,Brown,Blue,White
721,S11696.jpg,0.0,Brown,Blue,White
722,S11697.jpg,0.0,Brown,Blue,White
723,S11862.jpg,1.0,Blue,Blue,White
724,S11863.jpg,0.0,Brown,Blue,White
725,S11917.jpg,1.0,Blue,Blue,White
726,S11964.jpg,0.0,Brown,Blue,White
727,S12060.jpg,0.0,Brown,Blue,White
728,S12129.jpg,1.0,Blue,Blue,White
729,S12348.jpg,1.0,Blue,Blue,White
730,S12359.jpg,1.0,Blue,Blue,White
731,S12561.jpg,0.0,Green,Blue,White
732,S12599.jpg,0.0,Green,Blue,White
733,S12665.jpg,0.0,Brown,Blue,White
734,S12883.jpg,0.0,Green,Blue,White
735,S12953.jpg,0.0,Brown,Blue,White
736,S13051.jpg,1.0,Blue,Blue,White
737,S13087.jpg,1.0,Blue,Blue,White
738,S13131.jpg,0.0,Brown,Blue,White
739,S13251.jpg,1.0,Blue,Blue,White
740,S13284.jpg,0.0,Brown,Blue,White
741,S13340.jpg,0.0,Brown,Blue,White
742,S13443.jpg,0.0,Green,Blue,White
743,S13640.jpg,0.0,Brown,Blue,White
744,S13752.jpg,0.0,Brown,Blue,White
745,S13785.jpg,1.0,Blue,Blue,White
746,S13801.jpg,0.0,Green,Blue,White
747,S13862.jpg,0.0,Brown,Blue,White
748,S14058.jpg,0.0,Brown,Blue,White
749,S14110.jpg,1.0,Blue,Blue,White
750,S14112.jpg,0.0,Brown,Blue,White
751,S14139.jpg,1.0,Blue,Blue,White
752,S14649.jpg,0.0,Green,Blue,White
753,S14821.jpg,0.0,Brown,Blue,White
754,S14879.jpg,0.0,Brown,Blue,White
755,S15057.jpg,0.0,Green,Blue,White
756,S15145.jpg,0.0,Brown,Blue,White
757,S15340.jpg,0.0,Green,Blue,White
758,S15350.jpg,0.0,Brown,Blue,White
759,S15378.jpg,0.0,Brown,Blue,White
760,S15408.jpg,1.0,Blue,Blue,White
761,S15436.jpg,0.0,Green,Blue,White
762,S15532.jpg,0.0,Brown,Blue,White
763,S15591.jpg,0.0,Brown,Blue,White
764,S15596.jpg,0.0,Green,Blue,White
765,S15652.jpg,1.0,Blue,Blue,White
766,S15678.jpg,0.0,Brown,Blue,White
767,S15769.jpg,0.0,Brown,Blue,White
768,S15862.jpg,1.0,Blue,Blue,White
769,S16005.jpg,0.0,Green,Blue,White
770,S16049.jpg,0.0,Brown,Blue,White
771,S16066.jpg,0.0,Brown,Blue,White
772,S16089.jpg,0.0,Brown,Blue,White
773,S16401.jpg,0.0,Brown,Blue,White
774,S16458.jpg,0.0,Brown,Blue,White
775,S16464.jpg,0.0,Brown,Blue,White
776,S16502.jpg,0.0,Brown,Blue,White
777,S16517.jpg,0.0,Brown,Blue,White
778,S16538.jpg,1.0,Blue,Blue,White
779,S16561.jpg,0.0,Brown,Blue,White
780,S16629.jpg,0.0,Brown,Blue,White
781,S16658.jpg,1.0,Blue,Blue,White
782,S16665.jpg,0.0,Brown,Blue,White
783,S16666.jpg,0.0,Brown,Blue,White
784,S16714.jpg,0.0,Brown,Blue,White
785,S16761.jpg,1.0,Blue,Blue,White
786,S16935.jpg,0.0,Green,Blue,White
787,S17078.jpg,1.0,Blue,Blue,White
788,S17133.jpg,1.0,Blue,Blue,White
789,S17146.jpg,0.0,Brown,Blue,White
790,S17209.jpg,0.0,Brown,Blue,White
791,S17219.jpg,0.0,Brown,Blue,White
792,S17234.jpg,0.0,Brown,Blue,White
793,S17236.jpg,0.0,Brown,Blue,White
794,T76635.jpg,0.0,Green,Blue,White
795,X64485.jpg,0.0,Green,Blue,White
796,X66093.jpg,0.0,Brown,Blue,White
797,X70021.jpg,0.0,Green,Blue,White
798,X77288.jpg,0.0,Brown,Blue,White
799,X77477.jpg,0.0,Brown,Blue,White
800,X77808.jpg,0.0,Brown,Blue,White
801,X78125.jpg,0.0,Brown,Blue,White
802,X78195.jpg,0.0,Brown,Blue,White
803,X78382.jpg,0.0,Green,Blue,White
804,Y10066.jpg,0.0,Green,Blue,White
805,Y10203.jpg,0.0,Brown,Blue,White
806,Y10259.jpg,1.0,Blue,Blue,White
807,Y10299.jpg,0.0,Brown,Blue,White
808,Y10306.jpg,0.0,Brown,Blue,White
809,Y10603.jpg,0.0,Green,Blue,White
810,Y10613.jpg,1.0,Blue,Blue,White
811,Y10662.jpg,0.0,Brown,Blue,White
812,Y10767.jpg,0.0,Brown,Blue,White
813,Y10831.jpg,0.0,Green,Blue,White
814,Y10884.jpg,1.0,Blue,Blue,White
815,Y10956.jpg,0.0,Brown,Blue,White
816,Y11108.jpg,1.0,Blue,Blue,White
817,Y11224.jpg,0.0,Brown,Blue,White
818,Y11232.jpg,1.0,Blue,Blue,White
819,Y11255.jpg,1.0,Blue,Blue,White
820,Y11353.jpg,0.0,Brown,Blue,White
821,Y11420.jpg,0.0,Brown,Blue,White
822,Y11469.jpg,0.0,Brown,Blue,White
823,Y11530.jpg,1.0,Blue,Blue,White
824,Y11597.jpg,0.0,Brown,Blue,White
825,Y11681.jpg,0.0,Green,Blue,White
826,Y11691.jpg,0.0,Brown,Blue,White
827,Y11730.jpg,0.0,Brown,Blue,White
828,Y11877.jpg,0.0,Brown,Blue,White
829,Y11965.jpg,0.0,Brown,Blue,White
830,Y12164.jpg,1.0,Blue,Blue,White
831,Y12216.jpg,0.0,Brown,Blue,White
832,Y12277.jpg,0.0,Green,Blue,White
833,Y12315.jpg,0.0,Brown,Blue,White
834,Y12316.jpg,0.0,Brown,Blue,White
835,Y12564.jpg,0.0,Brown,Blue,White
836,Y12606.jpg,1.0,Blue,Blue,White
837,Y12763.jpg,0.0,Brown,Blue,White
838,Y12821.jpg,1.0,Blue,Blue,White
839,Y12834.jpg,1.0,Blue,Blue,White
840,Y12936.jpg,0.0,Green,Blue,White
841,Y12978.jpg,0.0,Brown,Blue,White
842,Y12997.jpg,0.0,Brown,Blue,White
843,Y13051.jpg,0.0,Brown,Blue,White
844,Y13053.jpg,0.0,Green,Blue,White
845,Y13118.jpg,0.0,Brown,Blue,White
846,Y13424.jpg,0.0,Green,Blue,White
847,Y13441.jpg,1.0,Blue,Blue,White
848,Y13482.jpg,0.0,Brown,Blue,White
849,Y13494.jpg,0.0,Brown,Blue,White
850,Y13593.jpg,1.0,Blue,Blue,White
851,Y13736.jpg,1.0,Blue,Blue,White
852,Y13752.jpg,0.0,Brown,Blue,White
853,Y13793.jpg,1.0,Blue,Blue,White
854,Y13828.jpg,1.0,Blue,Blue,White
855,Y13915.jpg,0.0,Green,Blue,White
856,Y13989.jpg,1.0,Blue,Blue,White
857,Y14003.jpg,0.0,Brown,Blue,White
858,Y14059.jpg,1.0,Blue,Blue,White
859,Y14104.jpg,0.0,Green,Blue,White
860,Y14107.jpg,0.0,Green,Blue,White
861,Y14129.jpg,1.0,Blue,Blue,White
862,Y14215.jpg,0.0,Brown,Blue,White
863,Y14216.jpg,0.0,Brown,Blue,White
864,Y14270.jpg,1.0,Blue,Blue,White
865,Y14306.jpg,0.0,Brown,Blue,White
866,Y14310.jpg,0.0,Brown,Blue,White
867,Y14460.jpg,0.0,Brown,Blue,White
868,Y14514.jpg,0.0,Brown,Blue,White
869,Y14673.jpg,0.0,Green,Blue,White
870,Y14676.jpg,0.0,Green,Blue,White
871,Y14700.jpg,0.0,Green,Blue,White
872,Y14713.jpg,0.0,Brown,Blue,White
873,Y14932.jpg,0.0,Green,Blue,White
874,Y15055.jpg,1.0,Blue,Blue,White
875,Y15080.jpg,0.0,Brown,Blue,White
876,Y15169.jpg,0.0,Brown,Blue,White
877,Y15191.jpg,0.0,Green,Blue,White
878,Y15256.jpg,0.0,Brown,Blue,White
879,Y15268.jpg,0.0,Brown,Blue,White
880,Y15322.jpg,0.0,Brown,Blue,White
881,Y15335.jpg,0.0,Green,Blue,White
882,Y15357.jpg,0.0,Brown,Blue,White
883,Y15380.jpg,0.0,Brown,Blue,White
884,Y15385.jpg,1.0,Blue,Blue,White
885,Y15421.jpg,0.0,Brown,Blue,White
886,Y15519.jpg,0.0,Brown,Blue,White
887,Y15596.jpg,1.0,Blue,Blue,White
888,Y15645.jpg,0.0,Brown,Blue,White
889,Y15742.jpg,0.0,Brown,Blue,White
890,Y15839.jpg,0.0,Brown,Blue,White
891,Y15874.jpg,1.0,Blue,Blue,White
892,Y15970.jpg,0.0,Brown,Blue,White
893,Y16206.jpg,0.0,Brown,Blue,White
894,Y16315.jpg,0.0,Green,Blue,White
895,Y16372.jpg,1.0,Blue,Blue,White
896,Y16398.jpg,0.0,Green,Blue,White
897,Y16472.jpg,0.0,Green,Blue,White
898,Y16515.jpg,0.0,Brown,Blue,White
899,Y16658.jpg,1.0,Blue,Blue,White
900,Y16659.jpg,0.0,Brown,Blue,White
901,Y16666.jpg,0.0,Brown,Blue,White
902,Y16688.jpg,0.0,Green,Blue,White
903,Y16777.jpg,1.0,Blue,Blue,White
904,Y16789.jpg,0.0,Green,Blue,White
905,Y16893.jpg,0.0,Brown,Blue,White
906,Y16952.jpg,0.0,Green,Blue,White
907,Y16992.jpg,0.0,Green,Blue,White
908,Y17131.jpg,0.0,Brown,Blue,White
909,Y17144.jpg,0.0,Green,Blue,White
910,Y17178.jpg,0.0,Brown,Blue,White
911,Y17234.jpg,0.0,Green,Blue,White
912,Y17278.jpg,0.0,Green,Blue,White
913,Y17353.jpg,0.0,Brown,Blue,White
914,Y17357.jpg,1.0,Blue,Blue,White
915,Y17391.jpg,0.0,Green,Blue,White
916,Y17457.jpg,0.0,Green,Blue,White
917,Y17643.jpg,1.0,Blue,Blue,White
918,Y17912.jpg,1.0,Blue,Blue,White
919,Y18075.jpg,1.0,Blue,Blue,Hispanic
920,Y18115.jpg,0.0,Green,Blue,White
921,Y18259.jpg,0.0,Brown,Blue,White
922,Y18316.jpg,1.0,Blue,Blue,White
923,Y18338.jpg,0.0,Green,Blue,White
924,Y18465.jpg,0.0,Green,Blue,White
925,Y18488.jpg,0.0,Brown,Blue,White
926,Y18672.jpg,0.0,Brown,Blue,White
927,Y18728.jpg,0.0,Brown,Blue,White
928,Y18854.jpg,0.0,Green,Blue,White
929,Y18884.jpg,0.0,Green,Blue,White
930,Y18887.jpg,1.0,Blue,Blue,White
931,Y18891.jpg,0.0,Green,Blue,White
932,Y19108.jpg,0.0,Brown,Blue,White
933,Y19155.jpg,1.0,Blue,Blue,White
934,Y19192.jpg,0.0,Brown,Blue,White
935,Y19336.jpg,0.0,Brown,Blue,White
936,Y19540.jpg,0.0,Green,Blue,White
937,Y19543.jpg,0.0,Brown,Blue,White
938,Y19626.jpg,0.0,Brown,Blue,White
939,Y19627.jpg,0.0,Green,Blue,White
940,Y19647.jpg,0.0,Brown,Blue,White
941,Y19652.jpg,0.0,Green,Blue,White
942,Y19724.jpg,0.0,Brown,Blue,White
943,Y19727.jpg,0.0,Brown,Blue,White
944,Y19752.jpg,0.0,Brown,Blue,White
945,Y19756.jpg,0.0,Green,Blue,White
946,Y19790.jpg,0.0,Green,Blue,White
947,Y20010.jpg,1.0,Blue,Blue,White
948,Y20074.jpg,0.0,Green,Blue,White
949,Y20077.jpg,0.0,Brown,Blue,White
950,Y20139.jpg,0.0,Green,Blue,White
951,Y20166.jpg,0.0,Green,Blue,White
952,Y20261.jpg,0.0,Brown,Blue,White
953,Y20273.jpg,1.0,Blue,Blue,White
954,Y20302.jpg,1.0,Blue,Blue,White
955,Y20316.jpg,1.0,Blue,Blue,White
956,Y20472.jpg,0.0,Brown,Blue,White
957,Y20538.jpg,1.0,Blue,Blue,White
958,Y20539.jpg,1.0,Blue,Blue,White
959,Y20548.jpg,0.0,Brown,Blue,White
960,Y20589.jpg,0.0,Brown,Blue,White
961,Y20667.jpg,0.0,Green,Blue,White
962,Y20704.jpg,0.0,Brown,Blue,White
963,Y20717.jpg,0.0,Brown,Blue,White
964,Y20762.jpg,0.0,Green,Blue,White
965,Y20825.jpg,0.0,Green,Blue,White
966,Y20826.jpg,0.0,Green,Blue,White
967,Y20894.jpg,0.0,Green,Blue,White
968,Y20925.jpg,0.0,Green,Blue,White
969,Y21019.jpg,0.0,Brown,Blue,White
970,Y21025.jpg,0.0,Brown,Blue,White
971,Y21078.jpg,0.0,Green,Blue,White
972,Y21093.jpg,0.0,Green,Blue,White
973,Y21145.jpg,1.0,Blue,Blue,White
974,Y21150.jpg,0.0,Green,Blue,White
975,Y21180.jpg,1.0,Blue,Blue,White
976,Y21209.jpg,0.0,Green,Blue,White
977,Y21220.jpg,0.0,Brown,Blue,White
978,Y21381.jpg,1.0,Blue,Blue,White
979,Y21397.jpg,0.0,Brown,Blue,White
980,Y21546.jpg,0.0,Brown,Blue,White
981,Y21578.jpg,0.0,Brown,Blue,White
982,Y21579.jpg,0.0,Brown,Blue,White
983,Y21586.jpg,0.0,Green,Blue,White
984,Y21587.jpg,0.0,Green,Blue,White
985,Y21622.jpg,0.0,Brown,Blue,White
986,Y21681.jpg,0.0,Brown,Blue,White
987,Y21708.jpg,0.0,Brown,Blue,White
988,Y21790.jpg,0.0,Brown,Blue,White
989,Y21958.jpg,0.0,Brown,Blue,White
990,Y21974.jpg,1.0,Blue,Blue,White
991,Y22028.jpg,0.0,Green,Blue,White
992,Y22029.jpg,0.0,Brown,Blue,White
993,Y22074.jpg,0.0,Green,Blue,White
994,Y22075.jpg,1.0,Blue,Blue,White
995,Y22128.jpg,0.0,Green,Blue,White
996,Y22214.jpg,0.0,Brown,Blue,White
997,Y22265.jpg,0.0,Green,Blue,White
998,Y22267.jpg,0.0,Brown,Blue,White
999,Y22272.jpg,0.0,Green,Blue,White
1000,Y22413.jpg,0.0,Green,Blue,White
1001,Y22504.jpg,1.0,Blue,Blue,White
1002,Y22572.jpg,1.0,Blue,Blue,White
1003,Y22613.jpg,0.0,Brown,Blue,White
1004,Y22715.jpg,1.0,Blue,Blue,White
1005,Y22716.jpg,1.0,Blue,Blue,White
1006,Y22836.jpg,0.0,Brown,Blue,White
1007,Y22840.jpg,0.0,Brown,Blue,White
1008,Y22884.jpg,0.0,Green,Blue,White
1009,Y22891.jpg,0.0,Green,Blue,White
1010,Y22892.jpg,1.0,Blue,Blue,White
1011,Y22926.jpg,0.0,Brown,Blue,White
1012,Y22933.jpg,0.0,Green,Blue,White
1013,Y22968.jpg,0.0,Brown,Blue,White
1014,Y23021.jpg,0.0,Brown,Blue,White
1015,Y23184.jpg,0.0,Brown,Blue,White
1016,Y23223.jpg,0.0,Brown,Blue,Hispanic
1017,Y23227.jpg,0.0,Brown,Blue,White
1018,Y23230.jpg,0.0,Brown,Blue,White
1019,Y23243.jpg,0.0,Brown,Blue,White
1020,Y23294.jpg,0.0,Green,Blue,White
1021,Y23295.jpg,0.0,Brown,Blue,White
1022,Y23385.jpg,0.0,Brown,Blue,White
1023,Y23394.jpg,0.0,Brown,Blue,White
1024,Y23444.jpg,1.0,Blue,Blue,White
1025,Y23446.jpg,0.0,Brown,Blue,White
1026,Y23493.jpg,0.0,Brown,Blue,White
1027,Y23541.jpg,0.0,Brown,Blue,White
1028,Y23545.jpg,0.0,Brown,Blue,White
1029,Y23580.jpg,0.0,Brown,Blue,White
1030,Y23653.jpg,0.0,Brown,Blue,White
1031,Y23731.jpg,0.0,Green,Blue,White
1032,Y23755.jpg,0.0,Green,Blue,White
1033,Y23780.jpg,0.0,Green,Blue,White
1034,Y23794.jpg,0.0,Brown,Blue,White
1035,Y23813.jpg,0.0,Brown,Blue,White
1036,Y23829.jpg,0.0,Brown,Blue,White
1037,Y23839.jpg,1.0,Blue,Blue,White
1038,Y23862.jpg,0.0,Brown,Blue,White
1039,Y23876.jpg,1.0,Blue,Blue,White
1040,Y23900.jpg,0.0,Brown,Blue,White
1041,Y23916.jpg,0.0,Brown,Blue,White
1042,Y23948.jpg,0.0,Brown,Blue,White
1043,Y23959.jpg,0.0,Brown,Blue,White
1044,Y23965.jpg,0.0,Brown,Blue,White
1045,Y23975.jpg,0.0,Green,Blue,White
1046,Y24001.jpg,0.0,Green,Blue,White
1047,Y24005.jpg,0.0,Brown,Blue,White
1048,Y24039.jpg,0.0,Green,Blue,White
1049,Y24074.jpg,0.0,Green,Blue,White
1050,Y24100.jpg,0.0,Green,Blue,White
1051,Y24115.jpg,1.0,Blue,Blue,White
1052,Y24117.jpg,0.0,Green,Blue,White
1053,Y24203.jpg,0.0,Brown,Blue,White
1054,Y24210.jpg,0.0,Green,Blue,White
1055,Y24364.jpg,0.0,Brown,Blue,White
1056,Y24458.jpg,0.0,Brown,Blue,White
1057,Y24589.jpg,1.0,Blue,Blue,White
1058,Y24672.jpg,0.0,Brown,Blue,White
1059,Y24712.jpg,1.0,Blue,Blue,White
1060,Y24818.jpg,0.0,Green,Blue,White
1061,Y24835.jpg,0.0,Green,Blue,White
1062,Y24968.jpg,0.0,Brown,Blue,White
1063,Y24992.jpg,1.0,Blue,Blue,White
1064,Y24997.jpg,0.0,Green,Blue,White
1065,Y25008.jpg,1.0,Blue,Blue,White
1066,Y25069.jpg,0.0,Brown,Blue,White
1067,Y25142.jpg,0.0,Brown,Blue,White
1068,Y25252.jpg,0.0,Brown,Blue,White
1069,Y25253.jpg,0.0,Brown,Blue,White
1070,Y25279.jpg,0.0,Green,Blue,White
1071,Y25357.jpg,0.0,Brown,Blue,White
1072,Y25368.jpg,1.0,Blue,Blue,White
1073,Y25418.jpg,1.0,Blue,Blue,Hispanic
1074,Y25531.jpg,1.0,Blue,Blue,White
1075,Y25647.jpg,1.0,Blue,Blue,White
1076,Y25685.jpg,0.0,Brown,Blue,White
1077,Y25691.jpg,0.0,Green,Blue,White
1078,Y25709.jpg,0.0,Brown,Blue,White
1079,Y25721.jpg,0.0,Green,Blue,White
1080,Y25727.jpg,0.0,Brown,Blue,White
1081,Y25786.jpg,0.0,Brown,Blue,White
1082,Y25873.jpg,0.0,Brown,Blue,White
1083,Y25874.jpg,0.0,Brown,Blue,White
1084,Y25960.jpg,0.0,Brown,Blue,White
1085,Y25974.jpg,1.0,Blue,Blue,White
1086,Y25976.jpg,0.0,Brown,Blue,White
1087,Y25977.jpg,0.0,Brown,Blue,White
1088,Y25988.jpg,0.0,Green,Blue,White
1089,Y26011.jpg,0.0,Brown,Blue,White
1090,Y26070.jpg,0.0,Brown,Blue,White
1091,Y26202.jpg,0.0,Brown,Blue,White
1092,Y26367.jpg,0.0,Brown,Blue,White
1093,Y26375.jpg,0.0,Brown,Blue,White
1094,Y26462.jpg,0.0,Brown,Blue,White
1095,Y26503.jpg,0.0,Green,Blue,White
1096,Y26564.jpg,0.0,Brown,Blue,White
1097,Y26613.jpg,0.0,Brown,Blue,White
1098,Y26703.jpg,1.0,Blue,Blue,White
1099,Y26728.jpg,0.0,Brown,Blue,White
1100,Y26771.jpg,0.0,Brown,Blue,White
1101,Y26772.jpg,0.0,Green,Blue,White
1102,Y26788.jpg,0.0,Green,Blue,White
1103,Y26808.jpg,0.0,Brown,Blue,White
1104,Y26931.jpg,0.0,Brown,Blue,White
1105,Y27027.jpg,0.0,Brown,Blue,White
1106,Y27041.jpg,0.0,Green,Blue,White
1107,Y27054.jpg,0.0,Brown,Blue,White
1108,Y27055.jpg,0.0,Brown,Blue,White
1109,Y27082.jpg,0.0,Green,Blue,White
1110,Y27122.jpg,0.0,Brown,Blue,White
1111,Y27147.jpg,0.0,Brown,Blue,White
1112,Y27151.jpg,0.0,Brown,Blue,White
1113,Y27241.jpg,1.0,Blue,Blue,White
1114,Y27254.jpg,0.0,Brown,Blue,White
1115,Y27378.jpg,0.0,Brown,Blue,White
1116,Y27379.jpg,1.0,Blue,Blue,White
1117,Y27408.jpg,0.0,Brown,Blue,White
1118,Y27423.jpg,1.0,Blue,Blue,White
1119,Y27450.jpg,0.0,Brown,Blue,White
1120,Y27451.jpg,0.0,Brown,Blue,White
1121,Y27491.jpg,1.0,Blue,Blue,White
1122,Y27509.jpg,0.0,Brown,Blue,White
1123,Y27518.jpg,0.0,Brown,Blue,White
1124,Y27531.jpg,0.0,Brown,Blue,White
1125,Y27646.jpg,0.0,Brown,Blue,White
1126,Y27651.jpg,0.0,Brown,Blue,White
1127,Y27678.jpg,0.0,Brown,Blue,White
1128,Y27684.jpg,0.0,Green,Blue,White
1129,Y27719.jpg,0.0,Brown,Blue,White
1130,Y27722.jpg,0.0,Green,Blue,White
1131,Y27807.jpg,0.0,Brown,Blue,White
1132,Y27859.jpg,0.0,Brown,Blue,White
1133,Y27888.jpg,1.0,Blue,Blue,White
1134,Y27911.jpg,0.0,Brown,Blue,White
1135,Y27964.jpg,0.0,Brown,Blue,White
1136,Y27965.jpg,0.0,Brown,Blue,White
1137,Y27966.jpg,0.0,Brown,Blue,White
1138,Y28000.jpg,0.0,Brown,Blue,White
1139,Y28062.jpg,0.0,Green,Blue,White
1140,Y28089.jpg,0.0,Brown,Blue,White
1141,Y28165.jpg,0.0,Green,Blue,White
1142,Y28248.jpg,0.0,Brown,Blue,White
1143,Y28301.jpg,0.0,Brown,Blue,White
1144,Y28314.jpg,0.0,Green,Blue,White
1145,Y28329.jpg,0.0,Brown,Blue,White
1146,Y28359.jpg,0.0,Brown,Blue,White
1147,Y28400.jpg,0.0,Brown,Blue,White
1148,Y28504.jpg,1.0,Blue,Blue,White
1149,Y28558.jpg,0.0,Brown,Blue,White
1150,Y28761.jpg,0.0,Brown,Blue,White
1151,Y28788.jpg,1.0,Blue,Blue,White
1152,Y28799.jpg,1.0,Blue,Blue,White
1153,Y28982.jpg,0.0,Brown,Blue,White
1154,Y29023.jpg,0.0,Brown,Blue,White
1155,Y29041.jpg,0.0,Green,Blue,White
1156,Y29082.jpg,0.0,Brown,Blue,White
1157,Y29130.jpg,0.0,Brown,Blue,White
1158,Y29143.jpg,1.0,Blue,Blue,White
1159,Y29236.jpg,1.0,Blue,Blue,White
1160,Y29290.jpg,0.0,Brown,Blue,White
1161,Y29336.jpg,0.0,Brown,Blue,White
1162,Y29433.jpg,0.0,Brown,Blue,White
1163,Y29443.jpg,0.0,Brown,Blue,White
1164,Y29694.jpg,0.0,Brown,Blue,White
1165,Y29726.jpg,0.0,Brown,Blue,White
1166,Y29828.jpg,0.0,Brown,Blue,White
1167,Y29848.jpg,0.0,Brown,Blue,White
1168,Y29928.jpg,0.0,Brown,Blue,White
1169,Y29949.jpg,0.0,Brown,Blue,White
